חוק,כתובת,מספר מעסיק,סיבת הביקורת,סכום עיצום סופי,ענף,פרטים נוספים,שם מעסיק,תאריך החלטה
"חוק הגנת השכר תשי""ח-1958","העצמאות, פתח תקווה91,",514605799,פנייה,"18,280 ₪",קבלני כוח אדם,https://employment.molsa.gov.il/Employment/WorkRights/WorkRightsEnforcement/FinancialSanctions/documents/586.3.2020.pdf,"סקופ אוף וורק בע""מ",08/06/2022
"חוק הגנת השכר תשי""ח-1958","קטרוני, פתח תקווה23,",,יזום,"18,280 ₪",שרותי ניקיון,https://employment.molsa.gov.il/Employment/WorkRights/WorkRightsEnforcement/FinancialSanctions/documents/15652021.pdf,ישראקלין,08/06/2022
"חוק הגנת השכר תשי""ח-1958","ירמיהו, ירושלים43,",515023356,יזום,"20,108 ₪",מסעדות,https://employment.molsa.gov.il/Employment/WorkRights/WorkRightsEnforcement/FinancialSanctions/documents/17192019.pdf,"בן-אדם קפה בע""מ",02/06/2022
"חוק שכר מינימום תשמ""ז-1987","דרך חברון, ירושלים151,",513655282,פנייה,"27,420 ₪",מסחר,https://employment.molsa.gov.il/Employment/WorkRights/WorkRightsEnforcement/FinancialSanctions/documents/9112021.pdf,"דלישס מרכולים בע""מ",23/05/2022
"חוק הגנת השכר תשי""ח-1958","עם ועולמו, ירושלים3,",513029207,פנייה,"21,936 ₪",היסעים והובלות,https://employment.molsa.gov.il/Employment/WorkRights/WorkRightsEnforcement/FinancialSanctions/documents/15462021.pdf,"אחדות הסעות בע""מ",16/05/2022
"חוק הגנת השכר תשי""ח-1958","האומן, ירושלים17,",,יזום,"מחזור עסקאות
					      				 ",מסחר,https://employment.molsa.gov.il/Employment/WorkRights/WorkRightsEnforcement/FinancialSanctions/documents/17522021.pdf,פאוור בודי,15/05/2022
"חוק הגנת השכר תשי""ח-1958","החרושת 47,כרמיאל",515511145,פנייה,"18,280 ₪",תעשיות אחרות,https://employment.molsa.gov.il/Employment/WorkRights/WorkRightsEnforcement/FinancialSanctions/documents/21-1513-2-2021.pdf,"צבעי בראשית מ. ב. י בע""מ",09/05/2022
"חוק הגנת השכר תשי""ח-1958",קצרין,580441327,פנייה,"18,280 ₪",עמותות,https://employment.molsa.gov.il/Employment/WorkRights/WorkRightsEnforcement/FinancialSanctions/documents/21-1077-2-2021.pdf,"שניר חרמון שיאון-לקידום חברתי בגולן (ע""ר",08/05/2022
"חוק עבודת נשים תשי""ד-1954","הרצל 75,נהריה",514554591,פנייה,"18,280 ₪","שרותים מקצועיים, טכניים ואישיים",https://employment.molsa.gov.il/Employment/WorkRights/WorkRightsEnforcement/FinancialSanctions/documents/15-2149-2-2021.pdf,"אדיבים סוכנות לביטוח (2011) בע""מ",28/04/2022
"חוק הגנת השכר תשי""ח-1958","ברק 19,ברק",,יזום,"18,280 ₪",שיווק,https://employment.molsa.gov.il/Employment/WorkRights/WorkRightsEnforcement/FinancialSanctions/documents/21-1958-2-2021.pdf,תור בקול,27/04/2022
"חוק הגנת השכר תשי""ח-1958
צו הרחבה (נוסח משולב) לפנסיה חובה לפי חוק הסכמים קיבוציים התשי""ז-1956","חנקין יהושע 34,עפולה",513857383,יזום,"58,496 ₪",קבלני שירותים (שמירה אבטחה וניקיון),https://employment.molsa.gov.il/Employment/WorkRights/WorkRightsEnforcement/FinancialSanctions/documents/21+33-2312-2-2021.pdf,"ר.א.ש. ובניו בע""מ",27/04/2022
"חוק הגנת השכר תשי""ח-1958","פרנק 11,חדרה",515420669,יזום,"18,280 ₪",אולמות אירועים / שרותי קיטרינג,https://employment.molsa.gov.il/Employment/WorkRights/WorkRightsEnforcement/FinancialSanctions/documents/21-1894-2-2021.pdf,"בר-בר ביער שירותי בר בע""מ",26/04/2022
"חוק הגנת השכר תשי""ח-1958",ריינה,,יזום,"הפחתה בשל מחזור עסקאות
					      				 ",בניין,https://employment.molsa.gov.il/Employment/WorkRights/WorkRightsEnforcement/FinancialSanctions/documents/21-1876-2-2021.pdf,בניין ועבודות שלד,26/04/2022
"חוק הגנת השכר תשי""ח-1958","חטיבת יפתח 3,צפת",580243442,יזום,"18,280 ₪",חינוך,https://employment.molsa.gov.il/Employment/WorkRights/WorkRightsEnforcement/FinancialSanctions/documents/21-1814-2-2021.pdf,"מוסדות צדקה וחסד צפת ע""ש מרן החפץ חיים ז",14/04/2022
"חוק הגנת השכר תשי""ח-1958","נחל אורן 16,עתלית",515654580,יזום,"18,280 ₪",מסחר,https://employment.molsa.gov.il/Employment/WorkRights/WorkRightsEnforcement/FinancialSanctions/documents/21-2146-2-2021.pdf,"ספיד הכי טרי שיש בע""מ",06/04/2022
"חוק הגנת השכר תשי""ח-1958","יפו, ירושלים214,",580168797,יזום,"18,280 ₪",חינוך,https://employment.molsa.gov.il/Employment/WorkRights/WorkRightsEnforcement/FinancialSanctions/documents/3402021.pdf,בית חינוך חרדי הראשון,03/04/2022
"חוק הגנת השכר תשי""ח-1958","קויפמן יחזקאל, תל אביב2,",515657898,פנייה,"18,280 ₪",קבלני כוח אדם,https://employment.molsa.gov.il/Employment/WorkRights/WorkRightsEnforcement/FinancialSanctions/documents/5652021.pdf,"קיי טסורו בע""מ",03/04/2022
"חוק הגנת השכר תשי""ח-1958",כפר מנדא,,פנייה,"מחזור עסקאות
					      				 ",היסעים והובלות,https://employment.molsa.gov.il/Employment/WorkRights/WorkRightsEnforcement/FinancialSanctions/documents/21-1983-2-2021.pdf,הובלת נוסעים לטיולים ונסיעות מיוחדות,20/03/2022
"חוק הגנת השכר תשי""ח-1958","מג'ד אל כרום,",,יזום,"18,280 ₪",מסחר,https://employment.molsa.gov.il/Employment/WorkRights/WorkRightsEnforcement/FinancialSanctions/documents/456.2.2021.pdf,סילבי מרקט,16/03/2022
"חוק הגנת השכר תשי""ח-1958
צו הרחבה (נוסח משולב) לפנסיה חובה לפי חוק הסכמים קיבוציים התשי""ז-1956",ניין,513924720,יזום,"58,496 ₪",קבלני שירותים (שמירה אבטחה וניקיון),https://employment.molsa.gov.il/Employment/WorkRights/WorkRightsEnforcement/FinancialSanctions/documents/21+33-1228-2-2021.pdf,"מנוף נקיון ושמירה בע""מ",16/03/2022
"חוק הגנת השכר תשי""ח-1958","ביאליק, רמלה 11,",513640904,יזום,"מחזור עסקאות
					      				 ",מכירה קמעונאית,https://employment.molsa.gov.il/Employment/WorkRights/WorkRightsEnforcement/FinancialSanctions/documents/5472020.pdf,"בית מאפה אבו מאהר חסונה ובניו בע""מ",15/03/2022
הגנת השכר,"מאה שערים, ירושלים11,",515311900,פנייה,"21,936 ₪",מסחר,https://employment.molsa.gov.il/Employment/WorkRights/WorkRightsEnforcement/FinancialSanctions/documents/9702020.pdf,"ממעמקים קראתיך בע""מ",15/03/2022
"חוק הגנת השכר תשי""ח-1958","בן איש חי, בית שמש68,",,יזום,"18,280 ₪",מסחר,https://employment.molsa.gov.il/Employment/WorkRights/WorkRightsEnforcement/FinancialSanctions/documents/10712021.pdf,בשפע מרקט,15/03/2022
"חוק הגנת השכר תשי""ח-1958","ז'בוטינסקי, בית שמש72,",580645794,יזום,"מחזור עסקאות
					      				 ",עמותות,https://employment.molsa.gov.il/Employment/WorkRights/WorkRightsEnforcement/FinancialSanctions/documents/9202021.pdf,"גני ילדים ברסל""ב (גן הנסיך הקטן)",10/03/2022
"חוק הגנת השכר תשי""ח-1958","יגאל אלון, בית שמש 5,",515594422,יזום,"מחזור עסקאות
					      				 ",מקצועות חופשיים,https://employment.molsa.gov.il/Employment/WorkRights/WorkRightsEnforcement/FinancialSanctions/documents/14112021.pdf,"אינסטפיקס בע""מ",10/03/2022
"חוק הגנת השכר תשי""ח-1958","סלמאן אל פרסי, ירושלים,",,יזום,"21,935 ₪",גינון ותחזוקה לבניינים,https://employment.molsa.gov.il/Employment/WorkRights/WorkRightsEnforcement/FinancialSanctions/documents/8292019.pdf,אבו גית אינסטלציה,07/03/2022
"חוק הגנת השכר תשי""ח-1958","הבעש""ט 15 רחובות,",580561991,פנייה,"18,280 ₪",מסחר,https://employment.molsa.gov.il/Employment/WorkRights/WorkRightsEnforcement/FinancialSanctions/documents/793.4.2021.pdf,מרגניתא דרבי מאיר,06/03/2022
"חוק הגנת השכר תשי""ח-1958","ת.ד 5089 ראשון לציון,",514951813,פנייה,"7,395 ₪",שרותים אחרים,https://employment.molsa.gov.il/Employment/WorkRights/WorkRightsEnforcement/FinancialSanctions/documents/193.3.2020.pdf,"הפי פיט בע""מ",06/03/2022
"חוק הגנת השכר תשי""ח-1958","דרך הערבה 101 אילת,",513202325,פנייה,"146,240 ₪",פעילות בידור פנאי וספורט,https://employment.molsa.gov.il/Employment/WorkRights/WorkRightsEnforcement/FinancialSanctions/documents/1936.4.2019  21.pdf,"הקילומטר 101 בע""מ",01/03/2022
"צו הרחבה (נוסח משולב) לפנסיה חובה לפי חוק הסכמים קיבוציים התשי""ז-1956","דרך הערבה 101 אילת,",513202325,פנייה,"146,240 ₪",פעילות בידור פנאי וספורט,https://employment.molsa.gov.il/Employment/WorkRights/WorkRightsEnforcement/FinancialSanctions/documents/1936.4.2019  33.pdf,"הקילומטר 101 בע""מ",01/03/2022
"חוק הגנת השכר תשי""ח-1958","בת שבע, לוד1,",515686285,יזום,"21,936 ₪",מסחר,https://employment.molsa.gov.il/Employment/WorkRights/WorkRightsEnforcement/FinancialSanctions/documents/12122021.pdf,"רש""י מאפים בע""מ",01/03/2022
"חוק הגנת השכר תשי""ח-1958","גולומב 67,הרצליה",,יזום,"מחזור עסקאות
					      				 ",קבלני שירותים (שמירה אבטחה וניקיון),https://employment.molsa.gov.il/Employment/WorkRights/WorkRightsEnforcement/FinancialSanctions/documents/21-97-2-2022.pdf,צוות 2 - קבלן ניקיון,01/03/2022
"חוק הגנת השכר תשי""ח-1958","רח' 6153,נצרת",514227883,יזום,"18,280 ₪",מסחר,https://employment.molsa.gov.il/Employment/WorkRights/WorkRightsEnforcement/FinancialSanctions/documents/21-2036-2-2021.pdf,"סלומה אבו אחמד ובניו בע""מ",22/02/2022
"חוק הגנת השכר תשי""ח-1958","כפר עקב,",,יזום,"מחזור עסקאות
					      				 ",בניין,https://employment.molsa.gov.il/Employment/WorkRights/WorkRightsEnforcement/FinancialSanctions/documents/10692021.pdf,בניה ושיפוצים,22/02/2022
"חוק שכר מינימום תשמ""ז-1987","אלון יגאל, בית שמש1,",515882983,פנייה,"36,560 ₪",מסחר,https://employment.molsa.gov.il/Employment/WorkRights/WorkRightsEnforcement/FinancialSanctions/documents/15642021-19.pdf,"וודסטוק גאלרי בע""מ",22/02/2022
"חוק הגנת השכר תשי""ח-1958","יגאל אלון, בית שמש1,",515882983,פנייה,"255,920 ₪",מסחר,https://employment.molsa.gov.il/Employment/WorkRights/WorkRightsEnforcement/FinancialSanctions/documents/15642021-21.pdf,"וודסטוק גאלרי בע""מ",22/02/2022
"חוק הגנת השכר תשי""ח-1958","האורגים 2 אילת,",515645802,פנייה,"18,280 ₪",מסעדות,https://employment.molsa.gov.il/Employment/WorkRights/WorkRightsEnforcement/FinancialSanctions/documents/2468.4.2019.pdf,"מבשלות סוף בע""מ",16/02/2022
"חוק הגנת השכר תשי""ח-1958","האורגים 12 אשדוד,",514064815,יזום,"18,280 ₪","אלקטרוניקה, תקשורת ותוכנה",https://employment.molsa.gov.il/Employment/WorkRights/WorkRightsEnforcement/FinancialSanctions/documents/2386.4.2019.pdf,"שיר תאורה בע""מ",16/02/2022
"חוק העסקת עובדים על ידי קבלני שירות בתחומי השמירה והניקיון בגופים ציבוריים
 התשע""ג-2013",נחף,514215888,פנייה,"הפחתה בשל מחזור עסקאות
					      				 ",קבלני שירותים (שמירה אבטחה וניקיון),https://employment.molsa.gov.il/Employment/WorkRights/WorkRightsEnforcement/FinancialSanctions/documents/36-1786-2-2021.pdf,"סנג'י כח אדם וניקיון בע""מ",16/02/2022
"חוק הגנת השכר תשי""ח-1958","החרצית 5 אילת,",,יזום,"18,280 ₪",תעשיות מתכת,https://employment.molsa.gov.il/Employment/WorkRights/WorkRightsEnforcement/FinancialSanctions/documents/1017.4.2021.pdf,מסגריית יהודה,15/02/2022
"צו הרחבה (נוסח משולב) לפנסיה חובה לפי חוק הסכמים קיבוציים התשי""ז-1956",דייר חנא,514248582,יזום,"1,096,800 ₪",בניין,https://employment.molsa.gov.il/Employment/WorkRights/WorkRightsEnforcement/FinancialSanctions/documents/33-2476-2-2021.pdf,"א.ס הנדסת בטיחות בע""מ",13/02/2022
"חוק שכר מינימום תשמ""ז-1987","מיטב 8,מיטב",516083268,פנייה,"73,120 ₪",מסחר,https://employment.molsa.gov.il/Employment/WorkRights/WorkRightsEnforcement/FinancialSanctions/documents/19-2549-2-2021.pdf,"ה-ירקניה בעמק בע""מ",13/02/2022
"חוק הגנת השכר תשי""ח-1958","שכונה 27 בית 23 רהט,",513383281,יזום,"18,280 ₪",בניין,https://employment.molsa.gov.il/Employment/WorkRights/WorkRightsEnforcement/FinancialSanctions/documents/845.4.2021.pdf,"א.ע. אבוגעפר בע""מ",08/02/2022
"חוק הגנת השכר תשי""ח-1958","שכונה 3 חורה,",,יזום,"18,280 ₪","תקשורת, הנדסה ומחשוב",https://employment.molsa.gov.il/Employment/WorkRights/WorkRightsEnforcement/FinancialSanctions/documents/1318.4.2021.pdf,טארק פרוייקטים,07/02/2022
"חוק עבודת הנוער תשי""ג-1953
חוק שעות עבודה ומנוחה תשי""א-1951","חרמון 6נתב""ג,לוד",514211457,יזום,"255,920 ₪",מסחר,https://employment.molsa.gov.il/Employment/WorkRights/WorkRightsEnforcement/FinancialSanctions/documents/3+9-1607-2-2021.pdf,"ריטיילורס בע""מ",03/02/2022
"חוק הגנת השכר תשי""ח-1958","ניצחון 21 גן יבנה,",,יזום,"18,280 ₪",אחר,https://employment.molsa.gov.il/Employment/WorkRights/WorkRightsEnforcement/FinancialSanctions/documents/683.4.2021.pdf,שיפוץ מבנים ועבודות בניין,01/02/2022
"חוק הגנת השכר תשי""ח-1958","לה גרדיה 76 תל אביב,",,יזום,"18,280 ₪",מסחר,https://employment.molsa.gov.il/Employment/WorkRights/WorkRightsEnforcement/FinancialSanctions/documents/588.3.2021.pdf,מכירה קמעונאית,01/02/2022
"חוק שעות עבודה ומנוחה תשי""א-1951","קיבוץ גלויות, תל אביב34,",511178105,פנייה,"20,440 ₪",שרותי ניקיון,https://employment.molsa.gov.il/Employment/WorkRights/WorkRightsEnforcement/FinancialSanctions/documents/90007674014.pdf,"המשרד הנקי נקיון ואחזקה בע""מ",31/01/2022
"חוק הגנת השכר תשי""ח-1958","שח""ל 29 באר שבע,",515206795,יזום,"36,560 ₪",בניין,https://employment.molsa.gov.il/Employment/WorkRights/WorkRightsEnforcement/FinancialSanctions/documents/425.4.2021.pdf,"מ.ט. הכוכבים חברה לעבודות בניה וגמר בע""מ",30/01/2022
"חוק הגנת השכר תשי""ח-1958","יל""ג 4,קרית אתא",,יזום,"מחזור עסקאות
					      				 ",קבלני שירותים (שמירה אבטחה וניקיון),https://employment.molsa.gov.il/Employment/WorkRights/WorkRightsEnforcement/FinancialSanctions/documents/21-2206-2-2021.pdf,"הליטוש, עסק לניקיון",30/01/2022
"חוק הגנת השכר תשי""ח-1958","כפר קאסם,",514372960,יזום,"18,280 ₪",בניין,https://employment.molsa.gov.il/Employment/WorkRights/WorkRightsEnforcement/FinancialSanctions/documents/7652021.pdf,"א.א. בלוקי אלבנא בע""מ",26/01/2022
"חוק הגנת השכר תשי""ח-1958","אברבנאל, בני ברק9,",580105641,יזום,"מחזור עסקאות
					      				 ",עמותות,https://employment.molsa.gov.il/Employment/WorkRights/WorkRightsEnforcement/FinancialSanctions/documents/11922020.pdf,"מוסדות פרמישלאן בארה""ק",25/01/2022
"חוק הגנת השכר תשי""ח-1958","אורט 3 אשקלון,",580582294,יזום,"18,280 ₪",חינוך,https://employment.molsa.gov.il/Employment/WorkRights/WorkRightsEnforcement/FinancialSanctions/documents/856.4.2021.pdf,בעין טובה אשקלון,25/01/2022
"חוק הגנת השכר תשי""ח-1958",בית ג'ן,513560409,יזום,"הפחתה בשל מחזור עסקאות
					      				 ",תעשיות אחרות,https://employment.molsa.gov.il/Employment/WorkRights/WorkRightsEnforcement/FinancialSanctions/documents/21-411-2-2021.pdf,"איה נטורל בע""מ",25/01/2022
"חוק הגנת השכר תשי""ח-1958","החרושת 4,קרית ביאליק",514030923,יזום,"18,280 ₪",היסעים והובלות,https://employment.molsa.gov.il/Employment/WorkRights/WorkRightsEnforcement/FinancialSanctions/documents/21-1358-2-2021.pdf,"ארז לוגיסטיקה בע""מ",25/01/2022
"חוק הגנת השכר תשי""ח-1958",כפר קרע,515019867,יזום,"65,808 ₪",מסעדות,https://employment.molsa.gov.il/Employment/WorkRights/WorkRightsEnforcement/FinancialSanctions/documents/21-1642-2-2021.pdf,"זחאלקה באסל בע""מ",25/01/2022
"חוק הגנת השכר תשי""ח-1958
צו הרחבה (נוסח משולב) לפנסיה חובה לפי חוק הסכמים קיבוציים התשי""ז-1956","דוויט איינזהואר 3,נתניה",513727495,פנייה,"36,560 ₪",בניין,https://employment.molsa.gov.il/Employment/WorkRights/WorkRightsEnforcement/FinancialSanctions/documents/21+33-1533-2-2021.pdf,"עונות חיפוי וריצוף בע""מ",25/01/2022
"חוק הגנת השכר תשי""ח-1958",ניין,516082468,יזום,"73,120 ₪",קבלני שירותים (שמירה אבטחה וניקיון),https://employment.molsa.gov.il/Employment/WorkRights/WorkRightsEnforcement/FinancialSanctions/documents/21-2393-2-2021.pdf,"מנורה שירותי כח אדם ונקיון בע""מ",25/01/2022
"חוק הגנת השכר תשי""ח-1958","החשמל 4,עפולה",512519901,פנייה,"18,280 ₪","שרותים מקצועיים, טכניים ואישיים",https://employment.molsa.gov.il/Employment/WorkRights/WorkRightsEnforcement/FinancialSanctions/documents/21-1807-2-2021.pdf,"בדוס סוכנות לביטוח (1997) בע""מ",25/01/2022
"חוק הגנת השכר תשי""ח-1958","הנרייטה סולד 4/1 באר שבע,",514827898,פנייה,"29,248 ₪",שרותי בריאות וסיעוד,https://employment.molsa.gov.il/Employment/WorkRights/WorkRightsEnforcement/FinancialSanctions/documents/716.4.2021.25.pdf,"החיוך של נעה- ד""ר סלומון",23/01/2022
"צו הרחבה (נוסח משולב) לפנסיה חובה לפי חוק הסכמים קיבוציים התשי""ז-1956","הנרייטה סולד 4/1 באר שבע,",514827898,פנייה,"29,248 ₪",שרותי בריאות וסיעוד,https://employment.molsa.gov.il/Employment/WorkRights/WorkRightsEnforcement/FinancialSanctions/documents/716.4.2021.33.pdf,"החיוך של נעה- ד""ר סלומון",23/01/2022
"חוק הגנת השכר תשי""ח-1958","שכונה 6 בית 10 רהט,",,יזום,"18,280 ₪",בניין,https://employment.molsa.gov.il/Employment/WorkRights/WorkRightsEnforcement/FinancialSanctions/documents/1009.4.2021.pdf,נ.א יעד,23/01/2022
"חוק עבודת נשים תשי""ד-1954","המלאכה, לוד1,",,פנייה,"17,850 ₪",מקצועות חופשיים,https://employment.molsa.gov.il/Employment/WorkRights/WorkRightsEnforcement/FinancialSanctions/documents/14872019-15.pdf,"משרד רו""ח בן הרויה",20/01/2022
"חוק הגנת השכר תשי""ח-1958","חורפיש,חורפיש",,יזום,"65,808 ₪",מסחר,https://employment.molsa.gov.il/Employment/WorkRights/WorkRightsEnforcement/FinancialSanctions/documents/21-901-2-2021.pdf,יסמין מותגים - TOGO,19/01/2022
"חוק הגנת השכר תשי""ח-1958","ראס אל היש 1,אום אל-פחם",515944551,יזום,"הפחתה בשל מחזור עסקאות
					      				 ",מסעדות,https://employment.molsa.gov.il/Employment/WorkRights/WorkRightsEnforcement/FinancialSanctions/documents/21-1364-2-2021.pdf,"מעדני בראבו 2018 בע""מ",19/01/2022
"חוק שעות עבודה ומנוחה תשי""א-1951","עמק השושנים ,נס ציונה",511598617,פנייה,"18,280 ₪",מסחר,https://employment.molsa.gov.il/Employment/WorkRights/WorkRightsEnforcement/FinancialSanctions/documents/9-2314-2-2021.pdf,"משתלת האירוסים נס ציונה (1991) בע""מ",11/01/2022
"חוק הגנת השכר תשי""ח-1958","מבצע דקל 15,פתח תקווה",514874502,יזום,"18,280 ₪",שרותי בריאות וסיעוד,https://employment.molsa.gov.il/Employment/WorkRights/WorkRightsEnforcement/FinancialSanctions/documents/21-1007-2-2021.pdf,"אדנא שירותי רפואה וסיעוד בע""מ",09/01/2022
"חוק הגנת השכר תשי""ח-1958","שכונת רמות, ירושלים,",,פנייה,"מחזור עסקאות
					      				 ",חינוך,https://employment.molsa.gov.il/Employment/WorkRights/WorkRightsEnforcement/FinancialSanctions/documents/11012021.pdf,"משפחתון ""דבי""",30/12/2021
"חוק הגנת השכר תשי""ח-1958",מג'ד אל-כרום,,יזום,"17,850 ₪",מסחר,https://employment.molsa.gov.il/Employment/WorkRights/WorkRightsEnforcement/FinancialSanctions/documents/21-703-2-2021.pdf,מעדנייה וסופר,29/12/2021
"חוק הגנת השכר תשי""ח-1958","הפלדה 23 אשדוד,",514854793,פנייה,"17,850 ₪",קוסמטיקה,https://employment.molsa.gov.il/Employment/WorkRights/WorkRightsEnforcement/FinancialSanctions/documents/924.4.2021.pdf,"אנ.ק.ס מעבדות בע""מ (חברה)",28/12/2021
"צו הרחבה (נוסח משולב) לפנסיה חובה לפי חוק הסכמים קיבוציים התשי""ז-1956","הקיטור 34,חיפה",513765651,פנייה,"17,850 ₪",מסחר,https://employment.molsa.gov.il/Employment/WorkRights/WorkRightsEnforcement/FinancialSanctions/documents/33-956-2-2021.pdf,"אווא אופציות קפה איכות בע""מ",28/12/2021
"חוק הגנת השכר תשי""ח-1958","יציב, ירושלים128,",515178648,יזום,"21,936 ₪",בית דפוס,https://employment.molsa.gov.il/Employment/WorkRights/WorkRightsEnforcement/FinancialSanctions/documents/3782021.pdf,"זגייר תעשיות נייר בע""מ",28/12/2021
"חוק הגנת השכר תשי""ח-1958",עין מאהל,,יזום,"הפחתה בשל מחזור עסקאות
					      				 ","שרותים מקצועיים, טכניים ואישיים",https://employment.molsa.gov.il/Employment/WorkRights/WorkRightsEnforcement/FinancialSanctions/documents/21-837-2-2021.pdf,סוכנות ביטוח,26/12/2021
"צו הרחבה (נוסח משולב) לפנסיה חובה לפי חוק הסכמים קיבוציים התשי""ז-1956","משהד,",514983436,יזום,"249,900 ₪",בניין,https://employment.molsa.gov.il/Employment/WorkRights/WorkRightsEnforcement/FinancialSanctions/documents/8392021.pdf,"ע.ס. מרעי יזמות ובנייה בע""מ",22/12/2021
"חוק הגנת השכר תשי""ח-1958","שכ' עין ג'ראר,אום אל-פחם",,יזום,"הפחתה בשל מחזור עסקאות
					      				 ",בניין,https://employment.molsa.gov.il/Employment/WorkRights/WorkRightsEnforcement/FinancialSanctions/documents/21-679-2-2021.pdf,קבלן עבודות חשמל,22/12/2021
"חוק הגנת השכר תשי""ח-1958","הגת 18,קצרין",514084284,פנייה,"17,850 ₪",מקצועות חופשיים,https://employment.molsa.gov.il/Employment/WorkRights/WorkRightsEnforcement/FinancialSanctions/documents/21-772-2-2021.pdf,"סלזמן גרופ בע""מ",21/12/2021
"חוק הגנת השכר תשי""ח-1958","שייק אופיר 2,ראש העין",514474121,יזום,"17,850 ₪",בניין,https://employment.molsa.gov.il/Employment/WorkRights/WorkRightsEnforcement/FinancialSanctions/documents/21-1194-2-2021.pdf,"לי-קו בנייה ומסחר בע""מ",21/12/2021
"חוק הגנת השכר תשי""ח-1958",עראבה,513329771,יזום,"18,280 ₪",שרותי בריאות וסיעוד,https://employment.molsa.gov.il/Employment/WorkRights/WorkRightsEnforcement/FinancialSanctions/documents/21-1225-2-2021.pdf,"המרכז לרפואה דחופה -גליל ס.ע.ד בע""מ",21/12/2021
"חוק שעות עבודה ומנוחה תשי""א-1951","מושב אוהד ד.נ הנגב,",514709757,פנייה,"214,200 ₪",חקלאות,https://employment.molsa.gov.il/Employment/WorkRights/WorkRightsEnforcement/FinancialSanctions/documents/868.4.2020 9.pdf,"שר הירק בע""מ",19/12/2021
"חוק שכר מינימום תשמ""ז-1987","מושב אוהד ד.נ הנגב,",514709757,פנייה,"464,100 ₪",חקלאות,https://employment.molsa.gov.il/Employment/WorkRights/WorkRightsEnforcement/FinancialSanctions/documents/868.4.2020  19.pdf,"שר הירק בע""מ",19/12/2021
"חוק הגנת השכר תשי""ח-1958","עיסוואיה, ירושלים,",516008182,יזום,"107,100 ₪",היסעים והובלות,https://employment.molsa.gov.il/Employment/WorkRights/WorkRightsEnforcement/FinancialSanctions/documents/9032021.pdf,"א.ג.מ.ח. הסעות הגבעה בע""מ",19/12/2021
"חוק הגנת השכר תשי""ח-1958","החלמונית 10 ראשןן לציון,",514730548,פנייה,"17,850 ₪",מכירה קמעונאית,https://employment.molsa.gov.il/Employment/WorkRights/WorkRightsEnforcement/FinancialSanctions/documents/612.4.2020.pdf,"שוקולטה תרדיון בע""מ",19/12/2021
"חוק הגנת השכר תשי""ח-1958","ירושלים 8,קרית אתא",515042950,פנייה,"17,850 ₪",היסעים והובלות,https://employment.molsa.gov.il/Employment/WorkRights/WorkRightsEnforcement/FinancialSanctions/documents/21-2162-2019.pdf,"דרייב גיא בע""מ",14/12/2021
"חוק הגנת השכר תשי""ח-1958","ס'חנין 1,סח'נין",515411056,יזום,"17,850 ₪",חינוך,https://employment.molsa.gov.il/Employment/WorkRights/WorkRightsEnforcement/FinancialSanctions/documents/21-1087-2-2021.pdf,"מעון אלמלאאקה סכנין בע""מ",14/12/2021
"חוק הגנת השכר תשי""ח-1958","קלצ'קין רפאל, באר שבע4,",515354850,פנייה,"17,955 ₪",מקצועות חופשיים,https://employment.molsa.gov.il/Employment/WorkRights/WorkRightsEnforcement/FinancialSanctions/documents/24282019.pdf,"אורטו- פט בע""מ",09/12/2021
"חוק הגנת השכר תשי""ח-1958","החזון, רמלה1,",515415685,יזום,"17,850 ₪",היסעים והובלות,https://employment.molsa.gov.il/Employment/WorkRights/WorkRightsEnforcement/FinancialSanctions/documents/10772020.pdf,"בול בזמן הסעות ואחזקה בע""מ",09/12/2021
"חוק הגנת השכר תשי""ח-1958","הגיא, נס ציונה2,",514377241,יזום,"17,850 ₪",שרותי ניקיון,https://employment.molsa.gov.il/Employment/WorkRights/WorkRightsEnforcement/FinancialSanctions/documents/312021.pdf,"אלי ב. שירותי נקיון ואחזקה בע""מ",08/12/2021
"חוק הגנת השכר תשי""ח-1958","חזון איש, ירושלים36,",514654813,יזום,"מחזור עסקאות
					      				 ",קבלני שירותים (שמירה אבטחה וניקיון),https://employment.molsa.gov.il/Employment/WorkRights/WorkRightsEnforcement/FinancialSanctions/documents/1882021.pdf,"רמת שלמה פארם בע""מ",08/12/2021
"חוק הגנת השכר תשי""ח-1958","אבשלום 9 חיפה,",512246067,פנייה,"428,400 ₪",מכירה קמעונאית,https://employment.molsa.gov.il/Employment/WorkRights/WorkRightsEnforcement/FinancialSanctions/documents/863.4.2020.pdf,"ש.א. גליק בע""מ",08/12/2021
"חוק הגנת השכר תשי""ח-1958","שלומציון, ירושלים18,",,פנייה,"מחזור עסקאות
					      				 ",בית דפוס,https://employment.molsa.gov.il/Employment/WorkRights/WorkRightsEnforcement/FinancialSanctions/documents/7312020.pdf,קופי קולור ירושלים,08/12/2021
"חוק הגנת השכר תשי""ח-1958","האשל, רמלה16,",515362333,יזום,"107,100 ₪",גינון ותחזוקה לבניינים,https://employment.molsa.gov.il/Employment/WorkRights/WorkRightsEnforcement/FinancialSanctions/documents/10192020.pdf,"רוטאל חברה להובלה בע""מ",08/12/2021
"חוק הגנת השכר תשי""ח-1958
צו הרחבה (נוסח משולב) לפנסיה חובה לפי חוק הסכמים קיבוציים התשי""ז-1956","בני ברק17,תל אביב - יפו",513793232,פנייה,"46,410 ₪",מסחר,https://employment.molsa.gov.il/Employment/WorkRights/WorkRightsEnforcement/FinancialSanctions/documents/21-33-363-2-2020.pdf,"פ. גראס שיווק נעלים 2006 בע""מ",07/12/2021
"חוק העסקת עובדים על ידי קבלני שירות בתחומי השמירה והניקיון בגופים ציבוריים
חוק העסקת עובדים על ידי קבלני שירות בתחומי השמירה והניקיון בגופים ציבוריים
 התשע""ג-2013","דרך יד לבנים 21,חיפה",512007428,פנייה,"58,496 ₪",קבלני כוח אדם,https://employment.molsa.gov.il/Employment/WorkRights/WorkRightsEnforcement/FinancialSanctions/documents/36-873-2-2021.pdf,"ה.מ.ג.ע. נכסים בע""מ",07/12/2021
"חוק הגנת השכר תשי""ח-1958","יקינטון 14,קרית ביאליק",513409615,יזום,"17,850 ₪",שרותים אחרים,https://employment.molsa.gov.il/Employment/WorkRights/WorkRightsEnforcement/FinancialSanctions/documents/21-46-2-2021.pdf,"גז ניהול מבנים בע""מ",06/12/2021
"חוק הגנת השכר תשי""ח-1958","אדונינו הכהן, ירושלים5,",513351122,פנייה,"17,850 ₪",תעשיות מזון,https://employment.molsa.gov.il/Employment/WorkRights/WorkRightsEnforcement/FinancialSanctions/documents/7102020.pdf,"בנטל מוצרי בשר 2002 בע""מ",05/12/2021
"צו הרחבה (נוסח משולב) לפנסיה חובה לפי חוק הסכמים קיבוציים התשי""ז-1956","יעקב אליאב, ירושלים5,",580462299,פנייה,"28,560 ₪",עמותות,https://employment.molsa.gov.il/Employment/WorkRights/WorkRightsEnforcement/FinancialSanctions/documents/3852018.pdf,עמותת אורות ערכים תורה ומסורת,02/12/2021
"חוק הגנת השכר תשי""ח-1958","יעקב אליאב, ירושלים5,",580462299,פנייה,"28,560 ₪",עמותות,https://employment.molsa.gov.il/Employment/WorkRights/WorkRightsEnforcement/FinancialSanctions/documents/3852018-1.pdf,עמותת אורות ערכים תורה ומסורת,02/12/2021
"חוק שעות עבודה ומנוחה תשי""א-1951","כפר כנא5,",,יזום,"4,080 ₪",מסחר,https://employment.molsa.gov.il/Employment/WorkRights/WorkRightsEnforcement/FinancialSanctions/documents/22952018.pdf,"בני יוסף אמין עואודה בע""מ",02/12/2021
"צו הרחבה (נוסח משולב) לפנסיה חובה לפי חוק הסכמים קיבוציים התשי""ז-1956","כפר כנא5,",513337907,יזום,"28,560 ₪",מסחר,https://employment.molsa.gov.il/Employment/WorkRights/WorkRightsEnforcement/FinancialSanctions/documents/22952018-2.pdf,"בני יוסף אמין עואודה בע""מ",02/12/2021
"חוק הגנת השכר תשי""ח-1958","כנפי נשרים, ירושלים15,",513659383,יזום,"17,850 ₪",בניין,https://employment.molsa.gov.il/Employment/WorkRights/WorkRightsEnforcement/FinancialSanctions/documents/6852021.pdf,"צור נ.ס. לבניה בע""מ",02/12/2021
"חוק הגנת השכר תשי""ח-1958","יהואש 4 באר שבע,",,יזום,"17,850 ₪",היסעים והובלות,https://employment.molsa.gov.il/Employment/WorkRights/WorkRightsEnforcement/FinancialSanctions/documents/101.4.2021.pdf,גרר גילי,30/11/2021
"חוק הגנת השכר תשי""ח-1958","חולדה 257,",513916833,פנייה,"17,850 ₪",מקצועות חופשיים,https://employment.molsa.gov.il/Employment/WorkRights/WorkRightsEnforcement/FinancialSanctions/documents/876.4.2020.pdf,"איי.סי.טולס בע""מ",29/11/2021
"חוק שכר מינימום תשמ""ז-1987","ארליך, טבריה6,",514893908,פנייה,"19,635 ₪",בניין,https://employment.molsa.gov.il/Employment/WorkRights/WorkRightsEnforcement/FinancialSanctions/documents/9132020-19.pdf,"ד.ש אלקיים עבודות גמר בע""מ",28/11/2021
"צו הרחבה (נוסח משולב) לפנסיה חובה לפי חוק הסכמים קיבוציים התשי""ז-1956","ארליך, טבריה6,",514893908,פנייה,"28,560 ₪",בניין,https://employment.molsa.gov.il/Employment/WorkRights/WorkRightsEnforcement/FinancialSanctions/documents/9132020-33.pdf,"ד.ש אלקיים עבודות גמר בע""מ",28/11/2021
"חוק הגנת השכר תשי""ח-1958","הרמ""א, רמלה28,",513242776,פנייה,"17,850 ₪",היסעים והובלות,https://employment.molsa.gov.il/Employment/WorkRights/WorkRightsEnforcement/FinancialSanctions/documents/4452021.pdf,"הינשוף הקטן בע""מ",28/11/2021
"חוק הגנת השכר תשי""ח-1958","העצמאות 52 באר שבע,",513695783,פנייה,"17,850 ₪",בניין,https://employment.molsa.gov.il/Employment/WorkRights/WorkRightsEnforcement/FinancialSanctions/documents/1114.4.2020.pdf,"י.ר איכות הנדסה בע""מ",28/11/2021
"חוק הגנת השכר תשי""ח-1958","אתרוג 4,פרדס חנה-כרכור",,פנייה,"הפחתה בשל מחזור עסקאות
					      				 ",חינוך,https://employment.molsa.gov.il/Employment/WorkRights/WorkRightsEnforcement/FinancialSanctions/documents/21-1648-2-2021.pdf,פעוטון מיץ פטל,28/11/2021
"חוק הגנת השכר תשי""ח-1958
חוק שכר מינימום תשמ""ז-1987","אלון20,קציר-חריש",515253417,פנייה,"הפחתה בשל מחזור עסקאות
					      				 ",שרותים אחרים,https://employment.molsa.gov.il/Employment/WorkRights/WorkRightsEnforcement/FinancialSanctions/documents/19-21-755-2-2020.pdf,"ייתן ויחזור וייתן בע""מ ",23/11/2021
"חוק הגנת השכר תשי""ח-1958","שז""ר זלמן,קרית מוצקין",,פנייה,"17,850 ₪","שרותים מקצועיים, טכניים ואישיים",https://employment.molsa.gov.il/Employment/WorkRights/WorkRightsEnforcement/FinancialSanctions/documents/21-221-2-2021.pdf,סוכנות ביטוח,23/11/2021
"חוק הגנת השכר תשי""ח-1958","קפלן 35 נהריה,",514158492,פנייה,"17,850 ₪",קוסמטיקה,https://employment.molsa.gov.il/Employment/WorkRights/WorkRightsEnforcement/FinancialSanctions/documents/1314.3.2019.pdf,"טופ סאן שירותים בע""מ",21/11/2021
"חוק עבודת נשים תשי""ד-1954","שלמה המלך 2615,נהריה",513761825,פנייה,"36,560 ₪",מסחר,https://employment.molsa.gov.il/Employment/WorkRights/WorkRightsEnforcement/FinancialSanctions/documents/15-1889-2-2021.pdf,"א.ש. יולי יזמות והשקעות בע""מ",21/11/2021
"חוק הגנת השכר תשי""ח-1958","אדר, אשדוד11,",,יזום,"17,850 ₪",מסחר,https://employment.molsa.gov.il/Employment/WorkRights/WorkRightsEnforcement/FinancialSanctions/documents/7672021.pdf,גלמרקט,17/11/2021
"חוק הגנת השכר תשי""ח-1958","ישעיהו פרס, ירושלים2,",580039543,פנייה,"מחזור עסקאות
					      				 ",עמותות,https://employment.molsa.gov.il/Employment/WorkRights/WorkRightsEnforcement/FinancialSanctions/documents/8382021.pdf,מעונות ילדים בישראל קרית הילד ירושלים,17/11/2021
"חוק הגנת השכר תשי""ח-1958","פשטיין חיה, פתח תקווה1,",516187515,פנייה,"73,120 ₪",חינוך,https://employment.molsa.gov.il/Employment/WorkRights/WorkRightsEnforcement/FinancialSanctions/documents/7882021.pdf,"אגדת מונטיפיורי בע""מ",17/11/2021
"חוק הגנת השכר תשי""ח-1958",גן שמואל,510797434,פנייה,"146,240 ₪",שרותים אחרים,https://employment.molsa.gov.il/Employment/WorkRights/WorkRightsEnforcement/FinancialSanctions/documents/21-952-2-2021.pdf,"אורן ושות - הנדסת קירור בע""מ",17/11/2021
"חוק הגנת השכר תשי""ח-1958","שד' ההסתדרות 35,חיפה",514381342,יזום,"535,500 ₪",קבלני שירותים (שמירה אבטחה וניקיון),https://employment.molsa.gov.il/Employment/WorkRights/WorkRightsEnforcement/FinancialSanctions/documents/21-1190-2-2021.pdf,מ.ש.א.פ. אחזקות שירותי ניקיון ואחזקת מבנ,17/11/2021
"צו הרחבה (נוסח משולב) לפנסיה חובה לפי חוק הסכמים קיבוציים התשי""ז-1956","ריינה,",515040046,יזום,"מחזור עסקאות
					      				 ",מקצועות חופשיים,https://employment.molsa.gov.il/Employment/WorkRights/WorkRightsEnforcement/FinancialSanctions/documents/19132018.pdf,"טרוולין טורס בע""מ",16/11/2021
"חוק הגנת השכר תשי""ח-1958","שדה יצחק 2 פתח תקווה,",513077313,יזום,"7,761 ₪",שרותי בריאות וסיעוד,https://employment.molsa.gov.il/Employment/WorkRights/WorkRightsEnforcement/FinancialSanctions/documents/74.4.2021.pdf,"השן שבפנינה בע""מ",16/11/2021
"צו הרחבה (נוסח משולב) לפנסיה חובה לפי חוק הסכמים קיבוציים התשי""ז-1956","דרך יותם 3/1 אילת,",515494508,פנייה,"28,560 ₪",פעילות בידור פנאי וספורט,https://employment.molsa.gov.il/Employment/WorkRights/WorkRightsEnforcement/FinancialSanctions/documents/638.4.2020.pdf,"ד.פ. אילת בע""מ",16/11/2021
"חוק הגנת השכר תשי""ח-1958","חביבה רייך 72,חיפה",516302528,פנייה,"219,360 ₪",היסעים והובלות,https://employment.molsa.gov.il/Employment/WorkRights/WorkRightsEnforcement/FinancialSanctions/documents/21-1579-2-2021.pdf,"ויטה טורס ישראל בע""מ",16/11/2021
"חוק הגנת השכר תשי""ח-1958","ההגנה 29, אופקים,",,יזום,"17,850 ₪",מסחר,https://employment.molsa.gov.il/Employment/WorkRights/WorkRightsEnforcement/FinancialSanctions/documents/756.4.2021.pdf,צרכניית פטיש,15/11/2021
"חוק הגנת השכר תשי""ח-1958",ביר אל-מכסור,515624179,יזום,"17,850 ₪",קבלני כוח אדם,https://employment.molsa.gov.il/Employment/WorkRights/WorkRightsEnforcement/FinancialSanctions/documents/21-1068-2-2020.pdf,"י.ס. דאניא שירותים בע""מ",15/11/2021
"חוק הגנת השכר תשי""ח-1958","הלמד הא 58,גבעתיים",514768761,יזום,"17,850 ₪",חינוך,https://employment.molsa.gov.il/Employment/WorkRights/WorkRightsEnforcement/FinancialSanctions/documents/21-1256-3-2021.pdf,"א.מ הגן של מיכל בע""מ",11/11/2021
"חוק הגנת השכר תשי""ח-1958","שד' משה דיין, ירושלים10,",515994317,יזום,"107,100 ₪",בניין,https://employment.molsa.gov.il/Employment/WorkRights/WorkRightsEnforcement/FinancialSanctions/documents/1402021.pdf,"חומות ירושלים מחיצות גבס בע""מ",10/11/2021
"חוק הגנת השכר תשי""ח-1958","ת.ד. 1222, רהט,",515199438,פנייה,"17,850 ₪",תעשיות מתכת,https://employment.molsa.gov.il/Employment/WorkRights/WorkRightsEnforcement/FinancialSanctions/documents/480.4.2021.pdf,"דיוקים 2000 ניהול פרויקטים בע""מ",07/11/2021
"חוק הגנת השכר תשי""ח-1958
חוק שכר מינימום תשמ""ז-1987",אחיהוד,,פנייה,"הפחתה בשל מחזור עסקאות
					      				 ",תעשיות מתכת,https://employment.molsa.gov.il/Employment/WorkRights/WorkRightsEnforcement/FinancialSanctions/documents/19+21-2563-2-2019.pdf,א.א.ד עיבוד שבבי,02/11/2021
הגנת השכר,"סחרוב דוד, ראשון לציון17,",513949180,פנייה,"109,680 ₪",מסעדות,https://employment.molsa.gov.il/Employment/WorkRights/WorkRightsEnforcement/FinancialSanctions/documents/8972021.pdf,"גורמה אקספרס בע""מ",01/11/2021
"חוק הגנת השכר תשי""ח-1958","אוסישקין 64,תל אביב - יפו",,יזום,"321,300 ₪",מקצועות חופשיים,https://employment.molsa.gov.il/Employment/WorkRights/WorkRightsEnforcement/FinancialSanctions/documents/1473-2-2021.pdf,"משרד עו""ד",01/11/2021
"חוק הגנת השכר תשי""ח-1958","משה שרת 19,פתח תקווה",56204332,פנייה,"מחזור עסקאות
					      				 ",שרותים אחרים,https://employment.molsa.gov.il/Employment/WorkRights/WorkRightsEnforcement/FinancialSanctions/documents/21-1436-3-2021.pdf,התקנת מערכות אוורור,31/10/2021
"חוק הגנת השכר תשי""ח-1958","משגב עם111,משגב עם",515816155,פנייה,"17,850 ₪",תעשיות אחרות,https://employment.molsa.gov.il/Employment/WorkRights/WorkRightsEnforcement/FinancialSanctions/documents/21-1122-2-2021.pdf,"ווטרמטיק אינטרנשיונל בע""מ",28/10/2021
"חוק הגנת השכר תשי""ח-1958","הברזל, תל אביב יפו5,",511166084,פנייה,"19,635 ₪",מקצועות חופשיים,https://employment.molsa.gov.il/Employment/WorkRights/WorkRightsEnforcement/FinancialSanctions/documents/24732019.pdf,"שני שנהב חברה לשרותים בע""מ",25/10/2021
"חוק הגנת השכר תשי""ח-1958","הנביא אליהו 1/4 אשדוד,",515485449,יזום,"17,850 ₪",תעשיות מתכת,https://employment.molsa.gov.il/Employment/WorkRights/WorkRightsEnforcement/FinancialSanctions/documents/363.4.2021.pdf,"מאפיית דוראל בע""מ",25/10/2021
"חוק הגנת השכר תשי""ח-1958","פסון 3, אילת ,",515666055,יזום,"321,300 ₪",מסעדות,https://employment.molsa.gov.il/Employment/WorkRights/WorkRightsEnforcement/FinancialSanctions/documents/1880.4.2019.pdf,"א.ז.נ.ד קפה אחזקות בע""מ",25/10/2021
"חוק עבודת נשים תשי""ד-1954","ההסתדרות 1,בית שאן",500292008,פנייה,"17,850 ₪",חינוך,https://employment.molsa.gov.il/Employment/WorkRights/WorkRightsEnforcement/FinancialSanctions/documents/15-464-2-2020.pdf,עיריית בית שאן,20/10/2021
"חוק עבודת נשים תשי""ד-1954","חלוצי התעשייה47,חיפה",511413270,פנייה,"17,850 ₪",קבלני שירותים (שמירה אבטחה וניקיון),https://employment.molsa.gov.il/Employment/WorkRights/WorkRightsEnforcement/FinancialSanctions/documents/15-708-2-2020.pdf,"שחף אבטחה 1989 בע""מ",20/10/2021
"חוק הגנת השכר תשי""ח-1958","גבעת שאול, ירושלים33,",514056530,פנייה,"17,850 ₪",בניין,https://employment.molsa.gov.il/Employment/WorkRights/WorkRightsEnforcement/FinancialSanctions/documents/6902020.pdf,"א.כ.ישיר לבניין בע""מ",19/10/2021
"חוק הגנת השכר תשי""ח-1958","תל קטיפה 3 נתיבות,",514728617,יזום,"4,500 ₪",בניין,https://employment.molsa.gov.il/Employment/WorkRights/WorkRightsEnforcement/FinancialSanctions/documents/598.4.2020.pdf,"י.ל אוזן השקעות בע""מ",19/10/2021
"חוק הגנת השכר תשי""ח-1958",גבעת יואב,512988452,פנייה,"17,850 ₪",חקלאות,https://employment.molsa.gov.il/Employment/WorkRights/WorkRightsEnforcement/FinancialSanctions/documents/21-121-2-2020.pdf,"פרי רון אריזה וקירור בע""מ",18/10/2021
"חוק הגנת השכר תשי""ח-1958
חוק שכר מינימום תשמ""ז-1987","דרך בן צבי 104,תל אביב - יפו",515710135,פנייה,"35,700 ₪",מסעדות,https://employment.molsa.gov.il/Employment/WorkRights/WorkRightsEnforcement/FinancialSanctions/documents/19+21-394-3-2020.pdf,"האקדמיה לפירות בע""מ    ",14/10/2021
"חוק הגנת השכר תשי""ח-1958","אבן גבירול, אלעד12,",,יזום,"17,850 ₪",שרותי בריאות וסיעוד,https://employment.molsa.gov.il/Employment/WorkRights/WorkRightsEnforcement/FinancialSanctions/documents/11012020.pdf,חיים כהן שירותי אחזקה וניקיון,13/10/2021
"חוק הגנת השכר תשי""ח-1958",סח'נין,,יזום,"17,850 ₪",חינוך,https://employment.molsa.gov.il/Employment/WorkRights/WorkRightsEnforcement/FinancialSanctions/documents/21-193-2021.pdf,מעון יום בראעם ואדי אלעין,12/10/2021
"חוק הגנת השכר תשי""ח-1958","טארק עבד אל-חי 1,טירה",514385004,פנייה,"17,850 ₪",היסעים והובלות,https://employment.molsa.gov.il/Employment/WorkRights/WorkRightsEnforcement/FinancialSanctions/documents/21-1185-3-2020.pdf,"מור שירותי הפצה ר.ח בע""מ",12/10/2021
"חוק הגנת השכר תשי""ח-1958","אופיר 1,חיפה",515603314,יזום,"57,120 ₪",תעשיות מתכת,https://employment.molsa.gov.il/Employment/WorkRights/WorkRightsEnforcement/FinancialSanctions/documents/21-560-2-2021.pdf,"נזאל מחזור בע""מ",12/10/2021
"חוק הגנת השכר תשי""ח-1958","ים המלח 13,חדרה",516080751,יזום,"17,850 ₪","תקשורת, הנדסה ומחשוב",https://employment.molsa.gov.il/Employment/WorkRights/WorkRightsEnforcement/FinancialSanctions/documents/21-589-2-2021.pdf,"תאיר אנרגיה בע""מ",12/10/2021
"חוק הגנת השכר תשי""ח-1958","אבן גבירול, תל אביב173,",,פנייה,"17,850 ₪",קוסמטיקה,https://employment.molsa.gov.il/Employment/WorkRights/WorkRightsEnforcement/FinancialSanctions/documents/5942021.pdf,סלון יוליה,11/10/2021
"חוק הגנת השכר תשי""ח-1958",דייר חנא,,יזום,"17,850 ₪",קבלני כוח אדם,https://employment.molsa.gov.il/Employment/WorkRights/WorkRightsEnforcement/FinancialSanctions/documents/21-326-2-2021.pdf,קבלן כוח אדם,11/10/2021
"חוק הגנת השכר תשי""ח-1958",פקיעין בוקייעה,515883890,יזום,"428,400 ₪",מסחר,https://employment.molsa.gov.il/Employment/WorkRights/WorkRightsEnforcement/FinancialSanctions/documents/21-727-2-2021.pdf,"קנייה הכי טובה 76 בע""מ",11/10/2021
"חוק הגנת השכר תשי""ח-1958","דרך דיין משה 1,חיפה",515142776,פנייה,"749,700 ₪",קבלני שירותים (שמירה אבטחה וניקיון),https://employment.molsa.gov.il/Employment/WorkRights/WorkRightsEnforcement/FinancialSanctions/documents/21-1075-2-2021.pdf,"מיתן ניהול ואחזקות 2014 בע""מ",11/10/2021
"חוק הגנת השכר תשי""ח-1958","אזור התעשיה עטרות, ירושלים,",515538536,יזום,"17,850 ₪",בניין,https://employment.molsa.gov.il/Employment/WorkRights/WorkRightsEnforcement/FinancialSanctions/documents/12692017.pdf,"אלנסר לבטון מוכן בע""מ",10/10/2021
"חוק הגנת השכר תשי""ח-1958","מונטיפיורי, פתח תקווה5,",514644178,יזום,"214,200 ₪",שיווק,https://employment.molsa.gov.il/Employment/WorkRights/WorkRightsEnforcement/FinancialSanctions/documents/3742019.pdf,דון סון דלישס רשת חנויות מזון וסיטונאות,10/10/2021
"חוק עבודת נשים תשי""ד-1954","הערער 1,פרדס חנה-כרכור",515392074,פנייה,"21,420 ₪",תחנות דלק ושרותי רכב,https://employment.molsa.gov.il/Employment/WorkRights/WorkRightsEnforcement/FinancialSanctions/documents/15-318-2020.pdf,"סדנת האלופים בע""מ",10/10/2021
"חוק הגנת השכר תשי""ח-1958","מאפו 4,חיפה",513263434,פנייה,"מחזור עסקאות
					      				 ",שרותי בריאות וסיעוד,https://employment.molsa.gov.il/Employment/WorkRights/WorkRightsEnforcement/FinancialSanctions/documents/21-665-2021.pdf,"קרת שירותי בריאות בע""מ",10/10/2021
"חוק הגנת השכר תשי""ח-1958","חצרים, תל אביב7,",,פנייה,"17,850 ₪",מקצועות חופשיים,https://employment.molsa.gov.il/Employment/WorkRights/WorkRightsEnforcement/FinancialSanctions/documents/9252020.pdf,משרד הנהלת חשבונות צרפתי,10/10/2021
"חוק הגנת השכר תשי""ח-1958","הרצל 12,חדרה",511497687,פנייה,"17,850 ₪",תעשיות אחרות,https://employment.molsa.gov.il/Employment/WorkRights/WorkRightsEnforcement/FinancialSanctions/documents/21-812-2020.pdf,"לורי גז בע""מ",10/10/2021
"חוק הגנת השכר תשי""ח-1958","דרך שועפאט, ירושלים1,",580595155,פנייה,"64,260 ₪",עמותות,https://employment.molsa.gov.il/Employment/WorkRights/WorkRightsEnforcement/FinancialSanctions/documents/8712020.pdf,עמותת תעלם לקידום והכשרה אקדמאית,10/10/2021
"חוק הגנת השכר תשי""ח-1958",דייר אל-אסד,,פנייה,"21,420 ₪",מסחר,https://employment.molsa.gov.il/Employment/WorkRights/WorkRightsEnforcement/FinancialSanctions/documents/21-974-2-2020.pdf,קונדיטורית דיר אל אסד,10/10/2021
"חוק הגנת השכר תשי""ח-1958",כסרא-סמיע,512886839,יזום,"17,850 ₪","שרותים מקצועיים, טכניים ואישיים",https://employment.molsa.gov.il/Employment/WorkRights/WorkRightsEnforcement/FinancialSanctions/documents/21-272-2-2021.pdf,"י.ע. מרכז הגליל בע""מ",10/10/2021
"חוק הגנת השכר תשי""ח-1958","טמרה,טמרה",,יזום,"107,100 ₪",שרותים אחרים,https://employment.molsa.gov.il/Employment/WorkRights/WorkRightsEnforcement/FinancialSanctions/documents/21-1006-2-2021.pdf,ו.א תשתיות וגינון,10/10/2021
"חוק הגנת השכר תשי""ח-1958","א. תעשיה מילואות מרכז נעמן, עכו,",513765925,פנייה,"28,560 ₪",משלוחים,https://employment.molsa.gov.il/Employment/WorkRights/WorkRightsEnforcement/FinancialSanctions/documents/5362020-21.pdf,"ויי.די.אם פתרונות הפצה מתקדמים בע""מ",07/10/2021
"צו הרחבה (נוסח משולב) לפנסיה חובה לפי חוק הסכמים קיבוציים התשי""ז-1956","א.תעשיה מילואות מרכז נעמן, עכו,",513765925,פנייה,"28,560 ₪",מסחר,https://employment.molsa.gov.il/Employment/WorkRights/WorkRightsEnforcement/FinancialSanctions/documents/5362020-33.pdf,"ויי.די.אם פתרונות הפצה מתקדמים בע""מ",07/10/2021
"חוק הגנת השכר תשי""ח-1958","שוק סיטונאי, צריפין11,",512434903,פנייה,"17,850 ₪",מסחר,https://employment.molsa.gov.il/Employment/WorkRights/WorkRightsEnforcement/FinancialSanctions/documents/23342019.pdf,"סלוקי בע""מ",07/10/2021
"חוק הגנת השכר תשי""ח-1958","דרך חברון, ירושלים41,",514756774,יזום,"35,700 ₪",מסחר,https://employment.molsa.gov.il/Employment/WorkRights/WorkRightsEnforcement/FinancialSanctions/documents/5122021.pdf,"סופר 24 חברון בע""מ",05/10/2021
"חוק הגנת השכר תשי""ח-1958","הרימון, רינתה29,",515051092,פנייה,"142,800 ₪",מקצועות חופשיים,https://employment.molsa.gov.il/Employment/WorkRights/WorkRightsEnforcement/FinancialSanctions/documents/1222021.pdf,"אנדיב ש.א.נ. בע""מ",05/10/2021
"חוק הגנת השכר תשי""ח-1958","הש""ך, תל אביב4,",514439702,פנייה,"71,400 ₪",תעשיית עץ,https://employment.molsa.gov.il/Employment/WorkRights/WorkRightsEnforcement/FinancialSanctions/documents/1352021.pdf,"רועי הנדסה יעוץ ופיתוח עסקי בע""מ",04/10/2021
"חוק הגנת השכר תשי""ח-1958","קריית מלאכי,",515105435,פנייה,"107,100 ₪",שרותים אחרים,https://employment.molsa.gov.il/Employment/WorkRights/WorkRightsEnforcement/FinancialSanctions/documents/515.4.2021.pdf,"סימפלי פייפר בע""מ",04/10/2021
"חוק עבודת הנוער תשי""ג-1953","עראבה,",,יזום,"35,700 ₪",חקלאות,https://employment.molsa.gov.il/Employment/WorkRights/WorkRightsEnforcement/FinancialSanctions/documents/4652021.pdf,חקלאות עראבה,04/10/2021
"חוק שכר מינימום תשמ""ז-1987","רחוב ראשי,יפיע",515458313,פנייה,"17,850 ₪",שיווק,https://employment.molsa.gov.il/Employment/WorkRights/WorkRightsEnforcement/FinancialSanctions/documents/19-562-2-2020.pdf,"תינקום בע""מ",03/10/2021
"חוק הגנת השכר תשי""ח-1958","יפו, ירושלים48,",514785583,פנייה,"107,100 ₪",מסחר,https://employment.molsa.gov.il/Employment/WorkRights/WorkRightsEnforcement/FinancialSanctions/documents/8032021.pdf,"ק.ט.ע אווניו בע""מ",29/09/2021
"חוק הגנת השכר תשי""ח-1958","אורוגאוי, ירושלים6,",516101250,יזום,"107,100 ₪",תעשיות מזון,https://employment.molsa.gov.il/Employment/WorkRights/WorkRightsEnforcement/FinancialSanctions/documents/3312021.pdf,"ש.מ.א. ניהול ואפיה בע""מ",29/09/2021
"חוק הגנת השכר תשי""ח-1958","פקיעין,",510151335,יזום,"16,320 ₪",מסחר,https://employment.molsa.gov.il/Employment/WorkRights/WorkRightsEnforcement/FinancialSanctions/documents/11872019-21.pdf,"שתדלן בע""מ",14/09/2021
"חוק הגנת השכר תשי""ח-1958","פקיעיןפקיעין,",510151335,יזום,"28,560 ₪
					      			סעיף 25א'",מסחר,https://employment.molsa.gov.il/Employment/WorkRights/WorkRightsEnforcement/FinancialSanctions/documents/11872019.pdf,"שתדלן בע""מ",14/09/2021
"חוק שעות עבודה ומנוחה תשי""א-1951","הלל, ירושלים35,",514261585,פנייה,"16,320 ₪",מסעדות,https://employment.molsa.gov.il/Employment/WorkRights/WorkRightsEnforcement/FinancialSanctions/documents/226462015-9.pdf,"יבוק יזמות בע""מ",13/09/2021
"חוק הגנת השכר תשי""ח-1958","הלל, ירושלים35,",514261585,פנייה,"28,560 ₪",מסעדות,https://employment.molsa.gov.il/Employment/WorkRights/WorkRightsEnforcement/FinancialSanctions/documents/226462015-21.pdf,"יבוק יזמות בע""מ",13/09/2021
"חוק הגנת השכר תשי""ח-1958","סוקולוב 86,חולון",513446310,פנייה,"28,560 ₪",קבלני כוח אדם,https://employment.molsa.gov.il/Employment/WorkRights/WorkRightsEnforcement/FinancialSanctions/documents/21-972-3-2020.pdf,"אופוס שרותי כח אדם בע""מ",02/09/2021
"חוק הגנת השכר תשי""ח-1958",טמרה,,יזום,"17,850 ₪",שרותי בריאות וסיעוד,https://employment.molsa.gov.il/Employment/WorkRights/WorkRightsEnforcement/FinancialSanctions/documents/21-603-2-2021.pdf,רופא שיניים,01/09/2021
"חוק הגנת השכר תשי""ח-1958",דבוריה,,יזום,"17,850 ₪",קבלני כוח אדם,https://employment.molsa.gov.il/Employment/WorkRights/WorkRightsEnforcement/FinancialSanctions/documents/21-472-2-2021.pdf,כוח אדם,01/09/2021
"חוק הגנת השכר תשי""ח-1958","קדושי יאסי 2,חיפה",515409852,פנייה,"17,850 ₪",פעילות בידור פנאי וספורט,https://employment.molsa.gov.il/Employment/WorkRights/WorkRightsEnforcement/FinancialSanctions/documents/21-1037-2-2021.pdf,"ווקאל בוקס בע""מ",01/09/2021
"חוק הגנת השכר תשי""ח-1958","דרך בגין מנחם 7,רמת גן",515727014,פנייה,"מחזור עסקאות
					      				 ",מקצועות חופשיים,https://employment.molsa.gov.il/Employment/WorkRights/WorkRightsEnforcement/FinancialSanctions/documents/21-679-3-2020.pdf,"פי.וי ייעוץ טכנולוגי בע""מ",30/08/2021
"חוק הגנת השכר תשי""ח-1958","דוד נוי 6,עכו",514263730,יזום,"214,200 ₪",שרותי בריאות וסיעוד,https://employment.molsa.gov.il/Employment/WorkRights/WorkRightsEnforcement/FinancialSanctions/documents/21-1039-2-2021.pdf,"קי.ג'י. מדיקל בע""מ",18/08/2021
"חוק הגנת השכר תשי""ח-1958","בן גוריון 22,הרצליה",515356699,פנייה,"17,850 ₪",קבלני שירותים (שמירה אבטחה וניקיון),https://employment.molsa.gov.il/Employment/WorkRights/WorkRightsEnforcement/FinancialSanctions/documents/21-1087-3-2020.pdf,"אנד שייני אחזקות ושירותים בע""מ",17/08/2021
"חוק שעות עבודה ומנוחה תשי""א-1951","מרגנית, עומר39,",515211704,יזום,"28,560 ₪",מכירה קמעונאית,https://employment.molsa.gov.il/Employment/WorkRights/WorkRightsEnforcement/FinancialSanctions/documents/4822020.pdf,"מולאן תכשיטי זהב ויהלומים בע""מ",16/08/2021
"חוק הגנת השכר תשי""ח-1958","אלעד,אלעד",580660140,יזום,"21,420 ₪",עמותות,https://employment.molsa.gov.il/Employment/WorkRights/WorkRightsEnforcement/FinancialSanctions/documents/21-348-3-2021.pdf,"מוסדות החינוך הטהור אלעד (ע""ר)",16/08/2021
"חוק שכר מינימום תשמ""ז-1987","דרך בגין מנחם 96,פתח תקווה",,פנייה,"71,400 ₪","תקשורת, הנדסה ומחשוב",https://employment.molsa.gov.il/Employment/WorkRights/WorkRightsEnforcement/FinancialSanctions/documents/19-1537-3-2021.pdf,מרכז הדיגיטל,16/08/2021
"חוק הגנת השכר תשי""ח-1958","שלמה באום, ירושלים4,",580418424,פנייה,"מחזור עסקאות
					      				 ",חינוך,https://employment.molsa.gov.il/Employment/WorkRights/WorkRightsEnforcement/FinancialSanctions/documents/12482018.pdf,"מקור חיים-גבע בנימין (ע""ר)",15/08/2021
"חוק הגנת השכר תשי""ח-1958","הארבעה 2,תל אביב - יפו",515232759,פנייה,"35,700 ₪",מסחר,https://employment.molsa.gov.il/Employment/WorkRights/WorkRightsEnforcement/FinancialSanctions/documents/21-870-2-2021.pdf,"מעיין-אור ניהול ואחזקות בע""מ",15/08/2021
"חוק הגנת השכר תשי""ח-1958","אפרסמון 11,קרית ביאליק",,יזום,"214,200 ₪",בניין,https://employment.molsa.gov.il/Employment/WorkRights/WorkRightsEnforcement/FinancialSanctions/documents/21-829-2-2021.pdf,ש.ל שיפוצים,15/08/2021
"חוק שכר מינימום תשמ""ז-1987","ערערה בנגב,",515081677,פנייה,"71,400 ₪",בניין,https://employment.molsa.gov.il/Employment/WorkRights/WorkRightsEnforcement/FinancialSanctions/documents/3452020-19.pdf,"א.ע.נ הנתיב החדש בע""מ",11/08/2021
"חוק הגנת השכר תשי""ח-1958","ערערה בנגב,",515081677,פנייה,"35,700 ₪",בניין,https://employment.molsa.gov.il/Employment/WorkRights/WorkRightsEnforcement/FinancialSanctions/documents/3452020-21.pdf,"א.ע.נ הנתיב החדש בע""מ",11/08/2021
"חוק עבודת נשים תשי""ד-1954","יגיע כפיים, פתח תקווה17,",511402794,פנייה,"36,560 ₪","תקשורת, הנדסה ומחשוב",https://employment.molsa.gov.il/Employment/WorkRights/WorkRightsEnforcement/FinancialSanctions/documents/8572020.pdf,"וואן פוינט פתרונות קמעונאות (ניביט) בע""מ",11/08/2021
"חוק שכר מינימום תשמ""ז-1987","נהורה,",511743007,פנייה,"35,700 ₪",היסעים והובלות,https://employment.molsa.gov.il/Employment/WorkRights/WorkRightsEnforcement/FinancialSanctions/documents/222.4.2021.pdf,"מטיילי נהורה בע""מ",10/08/2021
"חוק שעות עבודה ומנוחה תשי""א-1951","הרצל 82, רחובות,",,פנייה,"10,200 ₪",מסחר,https://employment.molsa.gov.il/Employment/WorkRights/WorkRightsEnforcement/FinancialSanctions/documents/1174.4.2021 . 9.pdf,מתוק מתוק,09/08/2021
"הודעה מוקדמת לפיטורין והתפטרות התשס""א 2001","הרצל 82, רחובות,",,פנייה,"40,800 ₪",מסחר,https://employment.molsa.gov.il/Employment/WorkRights/WorkRightsEnforcement/FinancialSanctions/documents/1174.4.2021 . 12.pdf,מתוק מתוק,09/08/2021
"חוק הגנת השכר תשי""ח-1958","הרצל 82, רחובות,",,פנייה,"40,800 ₪",מסחר,https://employment.molsa.gov.il/Employment/WorkRights/WorkRightsEnforcement/FinancialSanctions/documents/1174.4.2021 . 21.pdf,מתוק מתוק,09/08/2021
"חוק הגנת השכר תשי""ח-1958","גרניט 15,כוכב יאיר",514207125,פנייה,"107,100 ₪",מסחר,https://employment.molsa.gov.il/Employment/WorkRights/WorkRightsEnforcement/FinancialSanctions/documents/21-667-2-2021.pdf,"אניפט בע""מ",08/08/2021
"חוק הגנת השכר תשי""ח-1958","שכ 36 223 תל שבע,",,יזום,"21,420 ₪",גינון ותחזוקה לבניינים,https://employment.molsa.gov.il/Employment/WorkRights/WorkRightsEnforcement/FinancialSanctions/documents/237.4.2020.pdf,איסוף פסולת,07/08/2021
"חוק הגנת השכר תשי""ח-1958
צו הרחבה (נוסח משולב) לפנסיה חובה לפי חוק הסכמים קיבוציים התשי""ז-1956","אצ""ל 44,תל אביב - יפו",514683176,יזום,"57,120 ₪",מסעדות,https://employment.molsa.gov.il/Employment/WorkRights/WorkRightsEnforcement/FinancialSanctions/documents/21+33-723-3-2021.pdf,"טורוס אשר בע""מ",05/08/2021
"חוק הגנת השכר תשי""ח-1958","הזית 1,טירת כרמל",515847218,פנייה,"מחזור עסקאות
					      				 ",מקצועות חופשיים,https://employment.molsa.gov.il/Employment/WorkRights/WorkRightsEnforcement/FinancialSanctions/documents/21-706-2020.pdf,"י.מ. קלינטק בע""מ",04/08/2021
"חוק הגנת השכר תשי""ח-1958","פיק""א 35,חיפה",,יזום,"מחזור עסקאות
					      				 ",משלוחים,https://employment.molsa.gov.il/Employment/WorkRights/WorkRightsEnforcement/FinancialSanctions/documents/21-666-2021.pdf,הובלת מטענים בדרכים,04/08/2021
"חוק הגנת השכר תשי""ח-1958","רגבים 0,ניצני עוז",515979029,יזום,"71,400 ₪",שרותי ניקיון,https://employment.molsa.gov.il/Employment/WorkRights/WorkRightsEnforcement/FinancialSanctions/documents/21-156-2021.pdf,"ש. סרנדיפיטי בע""מ",04/08/2021
"חוק הגנת השכר תשי""ח-1958","העצמון 23,חולון",,יזום,"17,850 ₪",קבלני שירותים (שמירה אבטחה וניקיון),https://employment.molsa.gov.il/Employment/WorkRights/WorkRightsEnforcement/FinancialSanctions/documents/21-1170-3-2020.pdf,אר. אס שרותי ניקיון,03/08/2021
"חוק הגנת השכר תשי""ח-1958","אלשאפעי 70, רנט,",,פנייה,"214,200 ₪",אחר,https://employment.molsa.gov.il/Employment/WorkRights/WorkRightsEnforcement/FinancialSanctions/documents/374.4.2021.pdf,ק.ר שיפוצים ואינסטלציה,03/08/2021
"חוק הגנת השכר תשי""ח-1958","אבו בכר אלסדיק 46, רהט,",514226174,יזום,"107,100 ₪",בניין,https://employment.molsa.gov.il/Employment/WorkRights/WorkRightsEnforcement/FinancialSanctions/documents/608.4.2021.pdf,"א.ת. אלעוברה תשתיות בע""מ",03/08/2021
"חוק הגנת השכר תשי""ח-1958","רח' 6060,נצרת",513126037,יזום,"17,850 ₪","תקשורת, הנדסה ומחשוב",https://employment.molsa.gov.il/Employment/WorkRights/WorkRightsEnforcement/FinancialSanctions/documents/21-450-2020.pdf,"לין מחשבים בע""מ",01/08/2021
"חוק הגנת השכר תשי""ח-1958","הפרדס26,רמת השרון",512458605,יזום,"17,850 ₪",קבלני כוח אדם,https://employment.molsa.gov.il/Employment/WorkRights/WorkRightsEnforcement/FinancialSanctions/documents/21-2525-2018.pdf,"ר.ר. נ נופר שרותים בע""מ",25/07/2021
"חוק הגנת השכר תשי""ח-1958","אגודת בית""ר, ירושלים1,",515208718,פנייה,"142,800 ₪",קוסמטיקה,https://employment.molsa.gov.il/Employment/WorkRights/WorkRightsEnforcement/FinancialSanctions/documents/11592020.pdf,"י.מ ספר הספא שלי בע""מ",22/07/2021
"חוק הגנת השכר תשי""ח-1958","שח""ל 41, באר-שבע,",514161744,יזום,"107,100 ₪",מקצועות חופשיים,https://employment.molsa.gov.il/Employment/WorkRights/WorkRightsEnforcement/FinancialSanctions/documents/90.4.2021.pdf,"נור הדרום בע""מ",21/07/2021
"חוק הגנת השכר תשי""ח-1958","גבעת ישעיהו128,",515882223,פנייה,"17,850 ₪",מקצועות חופשיים,https://employment.molsa.gov.il/Employment/WorkRights/WorkRightsEnforcement/FinancialSanctions/documents/6912020.pdf,"רובד גיאולוגיה ויעוץ חברתי בע""מ",19/07/2021
"חוק הגנת השכר תשי""ח-1958","כרמיאל205,",,פנייה,"מחזור עסקאות
					      				 ",היסעים והובלות,https://employment.molsa.gov.il/Employment/WorkRights/WorkRightsEnforcement/FinancialSanctions/documents/16632019.pdf,א.ס הסעות,18/07/2021
"חוק הגנת השכר תשי""ח-1958","ירמיהו, ירושלים23,",,יזום,"17,850 ₪",תעשיית עץ,https://employment.molsa.gov.il/Employment/WorkRights/WorkRightsEnforcement/FinancialSanctions/documents/5782020.pdf,מרכז שולחן וכיסא,18/07/2021
"צו הרחבה (נוסח משולב) לפנסיה חובה לפי חוק הסכמים קיבוציים התשי""ז-1956",סח'נין,513791673,פנייה,"107,100 ₪",חינוך,https://employment.molsa.gov.il/Employment/WorkRights/WorkRightsEnforcement/FinancialSanctions/documents/33-459-2-2021.pdf,"ט.ע.מ. גני ילדים (2006) בע""מ",18/07/2021
"חוק הגנת השכר תשי""ח-1958","נחלים 1,נחלים",512656026,פנייה,"17,850 ₪",מסחר,https://employment.molsa.gov.il/Employment/WorkRights/WorkRightsEnforcement/FinancialSanctions/documents/21-999-3-2020.pdf,"מ.ט.ר כלי גינון ובנין בע""מ",15/07/2021
"חוק הגנת השכר תשי""ח-1958
חוק שכר מינימום תשמ""ז-1987
צו הרחבה (נוסח משולב) לפנסיה חובה לפי חוק הסכמים קיבוציים התשי""ז-1956","נחשון12,פתח תקווה",512236720,פנייה,"107,100 ₪",תחנות דלק ושרותי רכב,https://employment.molsa.gov.il/Employment/WorkRights/WorkRightsEnforcement/FinancialSanctions/documents/19+21+33-352-3-2021.pdf,"ש.י אמריקן אוטו בע""מ",13/07/2021
"חוק הגנת השכר תשי""ח-1958","אתגר5,טירת כרמל",511151367,פנייה,"17,850 ₪",שיווק,https://employment.molsa.gov.il/Employment/WorkRights/WorkRightsEnforcement/FinancialSanctions/documents/21-89-2-2020.pdf,"נופש חלומי בע""מ",11/07/2021
"חוק הגנת השכר תשי""ח-1958","היוזמים 13,אור יהודה",513777854,פנייה,"17,850 ₪",קבלני שירותים (שמירה אבטחה וניקיון),https://employment.molsa.gov.il/Employment/WorkRights/WorkRightsEnforcement/FinancialSanctions/documents/21-667-3-2020.pdf,"ס.ל.ע. יזמות מקבוצת ליאור אחזקות בע""מ",11/07/2021
